review_id,product_id,product_name,category,rating,review_title,review_text,helpful_votes,verified_purchase,date,sentiment_label
R001,P001,Wireless Headphones,Electronics,5,Best headphones ever!,The sound quality is absolutely amazing. Deep bass and crystal clear highs. The noise cancellation blocks out everything at the office. Battery lasts 30 hours on a single charge. Best purchase I have made this year.,45,True,2024-01-15,positive
R002,P001,Wireless Headphones,Electronics,4,Great sound minor comfort issue,Sound quality is excellent especially for the price. The noise cancellation works really well on commutes. My only complaint is they get uncomfortable after about 2 hours of wearing. Otherwise highly recommend.,23,True,2024-02-03,positive
R003,P001,Wireless Headphones,Electronics,2,Bluetooth keeps disconnecting,The audio quality is good but the Bluetooth connection drops every 20-30 minutes. Very frustrating during workouts. Customer service was unhelpful and just told me to reset the device. Not worth the price.,18,True,2024-01-28,negative
R004,P001,Wireless Headphones,Electronics,5,Perfect for travel,Used these on a 10-hour flight and they were incredible. The noise cancellation completely blocked out engine noise. Sound quality rivals Sony and Bose at half the price. Highly recommend for frequent travelers.,67,True,2024-03-10,positive
R005,P001,Wireless Headphones,Electronics,3,Decent but not exceptional,Average headphones. Sound is okay for casual listening but audiophiles will be disappointed. Comfort is fine for short sessions. Bluetooth range is limited to about 10 meters. Neither good nor bad.,8,False,2024-02-20,neutral
R006,P001,Wireless Headphones,Electronics,1,Broke after 2 weeks,The left earcup stopped working after two weeks of light use. Build quality is terrible for the price point. Cheap plastic construction. Would not recommend. Returning for refund.,34,True,2024-01-05,negative
R007,P001,Wireless Headphones,Electronics,5,Fantastic for commuting,These headphones transformed my daily commute. The active noise cancellation is top notch and the 30-hour battery means I never have to charge during the week. Comfortable even during long listening sessions.,29,True,2024-04-01,positive
R008,P001,Wireless Headphones,Electronics,4,Good value for money,Solid headphones with excellent noise cancellation. The app allows good EQ customization. Foldable design makes them easy to carry. Only minor issue is the microphone quality could be better for calls.,15,True,2024-03-25,positive
R009,P002,TechBook Pro Laptop,Electronics,5,Best laptop I have ever owned,Incredible performance for both work and gaming. The M3 chip handles everything without breaking a sweat. Battery life is outstanding at 15 hours real-world usage. The retina display is gorgeous.,89,True,2024-01-20,positive
R010,P002,TechBook Pro Laptop,Electronics,4,Excellent machine minor quirks,Performance is phenomenal and the build quality is premium. The keyboard is a joy to type on. My only gripes are the limited port selection requiring adapters and the high price tag. Worth it if you can afford it.,52,True,2024-02-14,positive
R011,P002,TechBook Pro Laptop,Electronics,2,Overpriced for what you get,The performance is good but nowhere near worth the premium price. Had to return it twice for display issues. Customer support took 3 weeks to resolve the issue. Windows alternatives offer more value.,41,True,2024-03-05,negative
R012,P002,TechBook Pro Laptop,Electronics,5,Life-changing productivity,As a software developer I use this machine 12 hours a day. Never gets hot never slows down. The ecosystem integration with iPhone and iPad is seamless. Best professional laptop on the market.,73,True,2024-04-12,positive
R013,P002,TechBook Pro Laptop,Electronics,3,Good but not perfect,Solid laptop with impressive performance. However the 8GB base RAM feels limiting for professional video editing. Battery life is good but not as advertised in heavy use. Decent overall but the price is hard to justify.,19,False,2024-01-30,neutral
R014,P002,TechBook Pro Laptop,Electronics,1,Dead on arrival,The laptop arrived with a faulty keyboard. Several keys did not register at all. Getting a replacement took 2 weeks of back-and-forth with customer service. Extremely disappointed for this price point.,28,True,2024-02-28,negative
R015,P002,TechBook Pro Laptop,Electronics,5,Perfect for creative work,As a graphic designer this laptop has been a game changer. The display color accuracy is outstanding. Performance handles large Photoshop and Premiere files effortlessly. The battery lasts through full work days.,61,True,2024-03-18,positive
R016,P002,TechBook Pro Laptop,Electronics,4,Nearly perfect,Outstanding build quality and performance. The new keyboard feels much better than older models. Display is stunning. Would be perfect if it had more USB ports and a card reader. Still highly recommended.,33,True,2024-04-20,positive
R017,P003,Galaxy X Smartphone,Electronics,5,Best phone I have ever used,The camera system is absolutely stunning. Low-light photos look professional quality. The display is vibrant and smooth at 120Hz. Battery easily lasts two full days. Samsung has outdone themselves.,94,True,2024-01-08,positive
R018,P003,Galaxy X Smartphone,Electronics,4,Great phone but expensive,Excellent camera and display. The performance is blazing fast. AI features are genuinely useful. Main drawback is the price and Samsung bloatware. Still a top-tier smartphone.,47,True,2024-02-25,positive
R019,P003,Galaxy X Smartphone,Electronics,1,Overheats constantly,This phone overheats during normal use like browsing or watching videos. Performance throttles significantly when hot. Samsung support offered no solution other than a factory reset which did not help.,56,True,2024-03-12,negative
R020,P003,Galaxy X Smartphone,Electronics,5,Camera is incredible,Switched from iPhone to this phone and the camera is leagues better. The zoom capabilities are phenomenal. Low-light performance is stunning. The S-Pen is incredibly useful for notes.,82,True,2024-04-05,positive
R021,P003,Galaxy X Smartphone,Electronics,3,Decent but not worth upgrading,If you already have last year's model there is little reason to upgrade. Performance improvements are marginal. Camera is slightly better. Battery life is similar. Good phone but not a must-buy upgrade.,14,True,2024-02-10,neutral
R022,P003,Galaxy X Smartphone,Electronics,2,Screen cracked easily,The screen cracked from a minor drop from knee height. Repair cost was nearly half the phone price. The build quality does not justify the premium price tag. Disappointed in the durability.,39,True,2024-01-22,negative
R023,P003,Galaxy X Smartphone,Electronics,5,Android at its finest,Smooth fast and beautiful. The 120Hz display makes everything buttery. Samsung Pay works everywhere. The Galaxy ecosystem with watch and earbuds is seamless. Could not be happier.,58,True,2024-03-30,positive
R024,P003,Galaxy X Smartphone,Electronics,4,Solid upgrade,Noticeable improvements in camera and performance over my old phone. Battery life is excellent. One UI is clean and intuitive. The only downside is it runs hot during gaming sessions.,27,False,2024-04-18,positive
R025,P004,Bluetooth Speaker,Electronics,5,Room-filling sound,Cannot believe how loud and clear this small speaker gets. Perfect for outdoor gatherings. Waterproof design held up through rain at a BBQ. 24-hour battery life is impressive.,71,True,2024-01-12,positive
R026,P004,Bluetooth Speaker,Electronics,4,Great outdoor speaker,Excellent sound quality for a portable speaker. Bass is surprisingly deep. Waterproofing is genuinely IPX7 tested it in the shower. Battery lasts all weekend camping. Only wish it was slightly louder.,38,True,2024-02-18,positive
R027,P004,Bluetooth Speaker,Electronics,2,Stopped working after 1 month,The speaker worked great for the first month then completely died. Not wet never dropped. Customer service just sent a refurbished replacement that also had issues. Poor quality control.,26,True,2024-03-22,negative
R028,P004,Bluetooth Speaker,Electronics,5,Perfect travel companion,Compact lightweight and sounds amazing. Used it across 3 countries on a backpacking trip. Survived rain mud and salt air without any issues. The handle design is genius.,55,True,2024-01-25,positive
R029,P004,Bluetooth Speaker,Electronics,3,Average speaker for the price,Sound quality is acceptable but nothing special. Bass is weak at higher volumes. Bluetooth pairing is easy enough. For the same price there are better options like the JBL Flip.,9,False,2024-02-05,neutral
R030,P004,Bluetooth Speaker,Electronics,1,Terrible bass quality,The bass is practically nonexistent. Tinny and harsh at high volumes. Would not buy again. My old cheap speaker sounded better.,22,True,2024-04-08,negative
R031,P004,Bluetooth Speaker,Electronics,5,Best investment for music lovers,Use this speaker daily at home and weekly at outdoor events. Sound quality is exceptional especially the spatial audio feature. Pairing with multiple devices is seamless. Waterproofing works as advertised.,44,True,2024-03-15,positive
R032,P004,Bluetooth Speaker,Electronics,4,Solid all-rounder,Good sound quality solid bass and excellent battery life. The 360 degree sound works well for group listening. Build feels premium. Loses one star because the companion app has some bugs.,17,True,2024-04-22,positive
R033,P005,Smart Watch,Electronics,5,Changed how I manage my day,The health tracking features are incredibly accurate. Sleep tracking helped me identify poor sleep patterns. ECG function detected an irregular heartbeat leading to an important medical discovery. Battery lasts 4 days.,86,True,2024-01-18,positive
R034,P005,Smart Watch,Electronics,4,Great fitness companion,Excellent fitness tracking with accurate GPS and heart rate monitoring. The run analysis features are detailed and helpful. Battery life is good. Strap is comfortable for all-day wear.,42,True,2024-02-22,positive
R035,P005,Smart Watch,Electronics,2,Battery drains too fast,With always-on display enabled the battery barely lasts one day. Had to charge it every night which defeats the sleep tracking purpose. For the price I expected at least 2-3 days battery life.,31,True,2024-03-08,negative
R036,P005,Smart Watch,Electronics,5,Excellent health monitoring,The SpO2 and stress monitoring features are genuinely useful. Workouts are tracked accurately. Notifications from phone work perfectly. The build quality feels premium and durable.,63,True,2024-04-15,positive
R037,P005,Smart Watch,Electronics,3,Functional but overpriced,Does everything it promises but so do cheaper alternatives. Health tracking is accurate. Interface is a bit laggy. The price premium seems unjustified compared to Fitbit or Garmin.,12,False,2024-01-30,neutral
R038,P005,Smart Watch,Electronics,1,GPS completely inaccurate,The GPS tracks my runs incorrectly adding 20-30% extra distance. This makes all pace metrics useless. Contacted support and they say this is a known issue with no fix planned. Returning it.,35,True,2024-02-15,negative
R039,P005,Smart Watch,Electronics,5,Perfect everyday watch,Looks great as a regular watch while providing all the fitness data I need. Waterproof enough for swimming. The sleep tracking has genuinely helped me improve my sleep schedule.,49,True,2024-03-28,positive
R040,P005,Smart Watch,Electronics,4,Good but could be better,Solid smartwatch with excellent health features. The display is bright and clear outdoors. Battery lasts 3 days with normal use. App ecosystem could be richer. Overall a reliable device.,21,True,2024-04-25,positive
R041,P006,Running Shoes,Clothing,5,Best running shoes ever,These shoes transformed my running. The cushioning absorbs impact perfectly on long runs. My knee pain disappeared after switching. Breathable mesh keeps feet cool. Nike really nailed this design.,77,True,2024-01-14,positive
R042,P006,Running Shoes,Clothing,4,Comfortable with minor sizing issue,Very comfortable and responsive shoes. The foam cushioning feels great on pavement. Only issue is they run half a size large. Order down if you are between sizes. Great shoes otherwise.,36,True,2024-02-08,positive
R043,P006,Running Shoes,Clothing,2,Sole delaminated after 50 miles,The outer sole started peeling away from the upper after only 50 miles. This is completely unacceptable for a premium priced shoe. Nike customer service offered no solution. Sticking with Adidas.,44,True,2024-03-14,negative
R044,P006,Running Shoes,Clothing,5,Perfect marathon training shoe,Completed my first marathon training program in these shoes. Zero blisters zero black toenails. The fit is perfect straight out of the box. Cushioning holds up over long distances.,68,True,2024-04-02,positive
R045,P006,Running Shoes,Clothing,3,Average performance shoe,Nothing special but nothing bad. Comfortable enough for casual runs under 5 miles. The design looks great. Durability seems okay so far after 3 months. Just not worth the premium price.,11,False,2024-01-25,neutral
R046,P006,Running Shoes,Clothing,1,Gave me blisters,Terrible fit despite ordering my usual size. Got painful blisters on both heels during the first run. The toe box is too narrow. Not suitable for wide feet. Very disappointed.,29,True,2024-02-19,negative
R047,P006,Running Shoes,Clothing,5,Lightweight and fast,These are the most responsive running shoes I have ever worn. The carbon fiber plate gives a noticeable energy return. Used them for a half marathon PR. Light as air but still protective.,53,True,2024-03-25,positive
R048,P006,Running Shoes,Clothing,4,Great daily trainer,Reliable comfortable everyday running shoe. The cushioning is plush but not mushy. Breathability is excellent in warm weather. Good grip on wet roads. One of the better shoes in this price range.,24,True,2024-04-18,positive
R049,P007,Fleece Hoodie,Clothing,5,Softest hoodie I own,This hoodie is incredibly soft and warm. The fleece lining feels luxurious against skin. Washes perfectly without pilling or losing shape. The fit is true to size. Wearing it every day this winter.,62,True,2024-01-10,positive
R050,P007,Fleece Hoodie,Clothing,4,Cozy and well made,Excellent quality fleece with a great fit. The kangaroo pocket is spacious. Drawstring is solid not the cheap kind that falls out. Colors look vibrant even after multiple washes.,31,True,2024-02-14,positive
R051,P007,Fleece Hoodie,Clothing,2,Shrinks badly in wash,Despite following care instructions this hoodie shrank two full sizes after the first wash. It is now child-sized. The material quality is clearly not what was advertised. Requesting a refund.,38,True,2024-03-20,negative
R052,P007,Fleece Hoodie,Clothing,5,Perfect for cold mornings,Wear this to the gym every morning in winter. Just warm enough without overheating during workouts. The material does not hold onto sweat smells. Looks great too. Already ordered a second color.,47,True,2024-01-28,positive
R053,P007,Fleece Hoodie,Clothing,3,Decent but runs small,Quality is acceptable but the sizing is way off. I normally wear a medium but had to go up to XL. The material is soft enough. Color faded slightly after a few washes.,8,False,2024-02-25,neutral
R054,P007,Fleece Hoodie,Clothing,1,Terrible quality,Zipper broke on first use. Seams are coming apart at the shoulders after two weeks. For this price I expected much better construction. Would not buy from this brand again.,21,True,2024-04-05,negative
R055,P007,Fleece Hoodie,Clothing,5,Best loungewear purchase,Lived in this hoodie all winter. The fabric is thick and warm but not stifling. Holds its shape perfectly. The hood is large enough to actually cover your head. Excellent quality for the price.,39,True,2024-03-12,positive
R056,P007,Fleece Hoodie,Clothing,4,Great cozy hoodie,Soft comfortable and well-constructed. The fit is relaxed which I prefer. Washing instructions work well. The only minor complaint is the pockets could be deeper. Very satisfied overall.,18,True,2024-04-20,positive
R057,P008,Slim Fit Jeans,Clothing,5,Perfect fit finally,These jeans fit perfectly right off the rack for the first time in my life. The stretch fabric allows full range of motion. Durable denim that has held up through months of daily wear.,54,True,2024-01-16,positive
R058,P008,Slim Fit Jeans,Clothing,4,Great jeans comfortable stretch,Love the stretch material. Comfortable enough to sit all day at a desk without feeling constricted. The slim cut looks modern and clean. True to size. Only wish they came in more colors.,27,True,2024-02-20,positive
R059,P008,Slim Fit Jeans,Clothing,2,Faded dramatically,The dark wash faded to a completely different color after 5 washes even with cold water and inside out. Now look like bargain bin jeans. Expected better quality denim for this price.,33,True,2024-03-25,negative
R060,P008,Slim Fit Jeans,Clothing,5,My new favorite jeans,Replaced all my old jeans with these. The comfort stretch keeps them looking good without sagging throughout the day. The quality of stitching and hardware is excellent. Classic style.,46,True,2024-04-10,positive
R061,P008,Slim Fit Jeans,Clothing,3,Okay but nothing special,Standard slim jeans. Fit is accurate sizing is consistent. Material is decent quality. Nothing remarkable but nothing wrong either. Not worth premium price over Levi or Wrangler.,7,False,2024-01-30,neutral
R062,P008,Slim Fit Jeans,Clothing,1,Seams ripped after 3 wears,The inner seam completely ripped open after only three wearings. These are clearly not made to last. Cheap construction masquerading as a quality product. Stay away.,25,True,2024-02-28,negative
R063,P008,Slim Fit Jeans,Clothing,5,Excellent quality and comfort,These are the best jeans I have worn in years. The fabric has just the right amount of stretch. They hold their shape all day. The wash is rich and consistent. Highly recommend.,41,True,2024-03-28,positive
R064,P008,Slim Fit Jeans,Clothing,4,Very comfortable,Great everyday jeans. Stretch fabric makes them suitable for casual and semi-formal occasions. True to size. Quality seems durable. Wish the pockets were deeper.,16,True,2024-04-22,positive
R065,P009,Cotton T-Shirt,Clothing,5,Perfect basic tee,Exactly what a t-shirt should be. Soft heavy cotton that does not become see-through. Holds its shape and color after dozens of washes. True to size. Already bought 10 in different colors.,58,True,2024-01-12,positive
R066,P009,Cotton T-Shirt,Clothing,4,Great quality basics,Solid t-shirt with good weight cotton. Neck does not stretch out. Colors stay vibrant after washing. Good value for the price. Goes well with everything. My go-to everyday tee.,29,True,2024-02-16,positive
R067,P009,Cotton T-Shirt,Clothing,2,Shrinks every wash,Shrinks noticeably with each wash cycle even in cold water. Started at a large and now fits like a medium. The fabric quality is decent but the shrinking issue makes these unwearable.,20,True,2024-03-22,negative
R068,P009,Cotton T-Shirt,Clothing,5,Best t-shirts on the market,These are the only t-shirts I buy now. Perfect weight premium cotton that breathes well in summer. Keeps shape wash after wash. Neck and sleeves do not stretch. Excellent everyday essential.,44,True,2024-04-08,positive
R069,P009,Cotton T-Shirt,Clothing,3,Nothing special,Standard t-shirt. Cotton quality is acceptable. Sizing could be more consistent between colors. The white is slightly see-through. Adequate for the price but nothing to get excited about.,6,False,2024-01-25,neutral
R070,P009,Cotton T-Shirt,Clothing,1,Terrible quality,Thin see-through material despite being listed as heavy cotton. Neck stretched out after the first wear. Would not buy again or recommend.,18,True,2024-02-22,negative
R071,P009,Cotton T-Shirt,Clothing,5,Comfortable and durable,Bought these for work and love them. The fabric is thick enough to not be see-through but lightweight enough to wear in warm weather. Colors have stayed vibrant after 20 plus washes.,36,True,2024-03-18,positive
R072,P009,Cotton T-Shirt,Clothing,4,Reliable everyday t-shirt,Good quality cotton with consistent sizing. Does not shrink or fade. A reliable staple that I keep reordering. Nothing fancy but does exactly what it should.,15,True,2024-04-24,positive
R073,P010,Winter Jacket,Clothing,5,Warmest jacket I have owned,This jacket is incredibly warm even in extreme cold. Wore it in minus 20 Celsius and stayed perfectly comfortable. The waterproof shell is genuinely effective. Hood fits well over a hat.,79,True,2024-01-06,positive
R074,P010,Winter Jacket,Clothing,4,Excellent warmth and style,Great combination of warmth and style. The insulation is outstanding. Water resistance works well in light to moderate rain. Fits true to size with room for layers underneath.,43,True,2024-02-10,positive
R075,P010,Winter Jacket,Clothing,2,Zipper broke in first month,The main zipper stopped closing after 4 weeks of regular use. The jacket itself is warm enough but a broken zipper makes it unwearable in cold weather. Getting it repaired was expensive.,37,True,2024-03-15,negative
R076,P010,Winter Jacket,Clothing,5,Perfect for harsh winters,Living in Minnesota this jacket has become my most important piece of clothing. Genuinely warm down to minus 30. Waterproofing holds up in blizzard conditions. The hood cinches properly. Worth every penny.,85,True,2024-04-03,positive
R077,P010,Winter Jacket,Clothing,3,Warm but too bulky,Warmth is excellent but the jacket is quite bulky making it hard to move arms freely. The pockets are oddly placed. Fine for standing outside but not for active use. Decent quality just not the best design.,10,False,2024-01-20,neutral
R078,P010,Winter Jacket,Clothing,1,Not waterproof as advertised,Despite being marketed as waterproof this jacket soaked through in a 20-minute rain shower. The seams are clearly not sealed. Completely misleading product description.,31,True,2024-02-26,negative
R079,P010,Winter Jacket,Clothing,5,Best winter purchase this year,Exceptional quality and warmth. The outer shell repels snow and light rain effectively. The inner lining is soft and comfortable. Multiple pockets are practical. Has become my daily driver all winter.,52,True,2024-03-22,positive
R080,P010,Winter Jacket,Clothing,4,Solid and warm,Good quality jacket that delivers on warmth and weather resistance. Fits well and looks smart. The insulation compresses nicely for packing. Would recommend for those in genuinely cold climates.,22,True,2024-04-28,positive
R081,P011,Atomic Habits,Books,5,Life-changing book,This book completely changed how I think about building habits. The 1 percent improvement framework is simple but powerful. I have implemented the habit stacking technique and seen real results.,102,True,2024-01-15,positive
R082,P011,Atomic Habits,Books,5,Practical and actionable,Unlike many self-help books this one provides concrete strategies not just motivation. The Four Laws of Behavior Change framework is genuinely useful. Reading it twice and taking notes each time.,74,True,2024-02-10,positive
R083,P011,Atomic Habits,Books,4,Great content slight repetition,Excellent advice backed by scientific research. The identity-based habits concept is profound. Loses one star for repeating the same concepts multiple times. Still essential reading.,45,True,2024-03-05,positive
R084,P011,Atomic Habits,Books,2,Overhyped and repetitive,The core ideas could be covered in a 20-page essay. The book pads out simple concepts with excessive anecdotes and repetition. Nothing truly new for anyone who has read similar books.,28,False,2024-01-28,negative
R085,P011,Atomic Habits,Books,5,Best productivity book I have read,Beautifully written and researched. James Clear synthesizes decades of research into an accessible framework. The chapters on environment design were particularly eye-opening. Transformed my morning routine.,67,True,2024-04-12,positive
R086,P011,Atomic Habits,Books,3,Good but not groundbreaking,Solid book with useful tips. If you have read The Power of Habit much of this will feel familiar. Well written and easy to read. Good for beginners to habit formation literature.,14,False,2024-02-22,neutral
R087,P011,Atomic Habits,Books,5,Absolutely worth reading,Every chapter contains at least one insight that makes you stop and think. The practical implementation strategies set this apart from typical motivation books. Clear writing makes complex psychology accessible.,58,True,2024-03-18,positive
R088,P011,Atomic Habits,Books,1,Terrible printing quality,The book content is fine but my copy arrived with pages printed upside down and out of order. Complete quality control failure. The publisher clearly does not care about product quality.,19,True,2024-04-25,negative
R089,P012,Deep Work,Books,5,Essential read for knowledge workers,Cal Newport changed how I approach my work. The concept of deep work versus shallow work is obvious in retrospect but I had never articulated it. Restructured my entire workday around deep work blocks.,88,True,2024-01-10,positive
R090,P012,Deep Work,Books,4,Compelling but preaches to the choir,The argument for deep focused work is compelling and well-argued. Practical strategies are helpful. However the book assumes you have full control over your schedule which is not true for most employees.,39,True,2024-02-14,positive
R091,P012,Deep Work,Books,2,Condescending tone,Newport comes across as elitist and dismissive of anyone who finds social media useful. The writing is self-congratulatory. Some good ideas buried under a lot of preachiness. Would not recommend.,24,False,2024-03-20,negative
R092,P012,Deep Work,Books,5,Transformed my productivity,After reading this I blocked social media during work hours and my output doubled within a month. The science behind focus and cognitive load is fascinating. Mandatory reading for intellectual workers.,71,True,2024-04-08,positive
R093,P012,Deep Work,Books,3,Interesting but not for everyone,Good arguments for the value of focused work. Practical suggestions are hit or miss depending on your job type. If you are in a job requiring constant collaboration many suggestions are not feasible.,11,False,2024-01-22,neutral
R094,P012,Deep Work,Books,5,Best book on productivity I have read,This book gave me a vocabulary and framework for something I had been doing instinctively. The examples from famous deep workers are inspiring. Implementation has genuinely improved my work quality.,62,True,2024-03-12,positive
R095,P012,Deep Work,Books,1,Arrived damaged,Book arrived with a cracked spine and water damage on the first 30 pages. Seller packaged it poorly with no protection. Getting a replacement was very inconvenient.,16,True,2024-02-28,negative
R096,P012,Deep Work,Books,4,Solid productivity book,Well-written and research-backed. Newport makes a strong case for focused work. Some practical suggestions are excellent others are not feasible for typical corporate jobs. Overall highly worthwhile read.,27,True,2024-04-20,positive
R097,P013,Clean Code,Books,5,Must-read for every developer,This book should be required reading in every computer science program. The principles of clean readable maintainable code have made me a significantly better developer.,95,True,2024-01-18,positive
R098,P013,Clean Code,Books,4,Great content dated examples,The principles are timeless but code examples use Java from the early 2000s. Still highly relevant for any developer regardless of language. Read with an open mind about applying to modern languages.,51,True,2024-02-22,positive
R099,P013,Clean Code,Books,2,Overly opinionated,Robert Martin states personal preferences as universal rules. Some advice contradicts modern development practices. Good starting point for discussions but should not be followed blindly.,32,False,2024-03-28,negative
R100,P013,Clean Code,Books,5,Changed how I write code,After reading this I went back and refactored an entire project. The chapter on meaningful names alone is worth the price. Every page challenged me to think more carefully about my code.,77,True,2024-04-15,positive
R101,P013,Clean Code,Books,3,Useful with some caveats,Good foundational advice for writing readable code. Some examples feel overly simplified. The TDD chapter feels dated. Worth reading but take the advice as suggestions not gospel truth.,13,False,2024-01-28,neutral
R102,P013,Clean Code,Books,5,Foundational software engineering text,This book fundamentally changed my approach to software development. The boy scout rule leave code better than you found it is now my daily mantra. Timeless wisdom despite dated examples.,64,True,2024-03-05,positive
R103,P013,Clean Code,Books,1,Printing defect,My copy has blank pages throughout approximately every 20th page is completely blank. Text cuts off mid-sentence in several chapters. Clear manufacturing defect. Requesting replacement.,22,True,2024-02-18,negative
R104,P013,Clean Code,Books,4,Important read for developers,Solid advice on writing maintainable software. The examples are clear even if Java-heavy. The principles apply universally. Any professional developer would benefit from reading this at least once.,34,True,2024-04-28,positive
R105,P014,Thinking Fast and Slow,Books,5,Fascinating and mind-bending,Kahneman explains human decision making in a way that makes you more aware of cognitive biases. Dense but incredibly rewarding read. Changed how I approach every decision.,91,True,2024-01-14,positive
R106,P014,Thinking Fast and Slow,Books,4,Excellent but dense,Brilliant synthesis of decades of research on cognitive psychology. Some sections are heavy going but the insights are worth the effort. Changed how I make decisions professionally.,55,True,2024-02-18,positive
R107,P014,Thinking Fast and Slow,Books,2,Too academic and dry,The content is interesting in principle but the writing style is extremely dry and academic. More of a textbook than a popular science book. Could not finish it despite multiple attempts.,27,False,2024-03-24,negative
R108,P014,Thinking Fast and Slow,Books,5,Essential reading for everyone,Every human being should read this book. Understanding System 1 and System 2 thinking has made me a better thinker better investor and better communicator. One of the most important books I have read.,83,True,2024-04-10,positive
R109,P014,Thinking Fast and Slow,Books,3,Interesting but repetitive,The core concepts are fascinating but the book spends too long on each point. Many chapters feel like extended lectures. The key insights could be conveyed in half the pages.,9,False,2024-01-30,neutral
R110,P014,Thinking Fast and Slow,Books,5,A masterpiece of popular science,Daniel Kahneman delivers a lifetime of research insights in an accessible format. The prospect theory and loss aversion chapters fundamentally changed my understanding of human behavior.,72,True,2024-03-15,positive
R111,P014,Thinking Fast and Slow,Books,1,Wrong book shipped,I ordered Thinking Fast and Slow but received a completely different book. No relation at all to the product listing. Contacting seller for return.,20,True,2024-02-08,negative
R112,P014,Thinking Fast and Slow,Books,4,Well worth reading,Thought-provoking and well-written. Kahneman uses memorable experiments to illustrate cognitive biases. Some sections are repetitive but the overall book is excellent. Required reading.,38,True,2024-04-22,positive
R113,P015,The Great Gatsby,Books,5,A timeless masterpiece,Fitzgerald prose is breathtaking. Every sentence is crafted with precision and purpose. The themes of the American Dream and moral decay feel as relevant today as in the 1920s. A perfect novel.,76,True,2024-01-20,positive
R114,P015,The Great Gatsby,Books,4,Beautiful writing important themes,Gorgeous lyrical prose that rewards rereading. The symbolism is rich and layered. Perhaps a bit too romanticized at times but undeniably one of the great American novels.,42,True,2024-02-24,positive
R115,P015,The Great Gatsby,Books,2,Boring and overrated,Nothing happens in this book. The characters are unlikeable and shallow. The prose is pretty but empty. Cannot understand why this is considered a classic.,33,False,2024-03-28,negative
R116,P015,The Great Gatsby,Books,5,Perfect edition beautifully bound,This particular edition is stunning. The cover art is gorgeous and the paper quality is exceptional. Perfect gift for literature lovers. The introduction provides excellent historical context.,59,True,2024-04-12,positive
R117,P015,The Great Gatsby,Books,3,Classic but not for everyone,Technically accomplished and historically important but emotionally distant. The characters feel like symbols rather than people. Appreciate it intellectually but did not emotionally connect.,10,False,2024-01-28,neutral
R118,P015,The Great Gatsby,Books,5,Read it a dozen times,This is my twelfth reading and I still find new layers of meaning. Fitzgerald packed more insight into 180 pages than most writers manage in 600. The ending always leaves me breathless.,68,True,2024-03-08,positive
R119,P015,The Great Gatsby,Books,1,Arrived with damaged cover,The book arrived with a badly torn cover and several pages dog-eared and marked throughout. Clearly a used book sold as new. Extremely disappointed with the seller.,24,True,2024-02-15,negative
R120,P015,The Great Gatsby,Books,4,Essential American literature,A crucial piece of American literary history. Fitzgerald critique of wealth and aspiration remains sharp. The prose style is distinctive and beautiful. Required reading for literature lovers.,31,True,2024-04-25,positive
R121,P016,Coffee Maker,Home,5,Best coffee I have had at home,This machine produces coffee that rivals my local cafe. The temperature control is precise and the extraction is consistent. Very easy to use and clean. Worth every penny for serious coffee drinkers.,81,True,2024-01-12,positive
R122,P016,Coffee Maker,Home,4,Great machine minor learning curve,Excellent coffee quality once you dial in the settings. The grinder adjustment takes some experimentation. Cleaning is straightforward. Produces cafe-quality espresso at home. Highly recommend.,46,True,2024-02-16,positive
R123,P016,Coffee Maker,Home,2,Leaks constantly,The machine leaks from the portafilter seal on every single use. Already tried multiple replacement gaskets. Customer service was useless. Expensive machine that does not work properly.,39,True,2024-03-22,negative
R124,P016,Coffee Maker,Home,5,Changed my morning routine,Replaced my Nespresso with this machine and could not be happier. The ability to control grind temperature and extraction makes every cup perfect. The milk frother produces silky microfoam.,66,True,2024-04-05,positive
R125,P016,Coffee Maker,Home,3,Good but overpriced,Makes decent coffee but not significantly better than machines at half the price. The build quality is good but not exceptional. Cleaning is more involved than simpler machines. Average value.,12,False,2024-01-25,neutral
R126,P016,Coffee Maker,Home,1,Stopped working after 6 months,Machine died completely after 6 months of daily use. Pump failure. Out of warranty by 2 weeks and company refuses to help. Expensive paperweight now.,27,True,2024-02-28,negative
R127,P016,Coffee Maker,Home,5,Professional quality at home,As a former barista I can say this machine produces genuinely professional quality espresso. Temperature stability is excellent. Pressure profiling takes your coffee to another level.,57,True,2024-03-18,positive
R128,P016,Coffee Maker,Home,4,Very happy with purchase,Solid espresso machine that consistently produces excellent results. Takes time to learn but rewards the effort. Build quality feels premium and durable. Highly recommend to coffee lovers.,23,True,2024-04-22,positive
R129,P017,Air Purifier,Home,5,Dramatically improved air quality,My allergies have almost completely disappeared since getting this purifier. The HEPA filter captures everything. The air quality monitor shows measurable improvement within hours of running it.,73,True,2024-01-18,positive
R130,P017,Air Purifier,Home,4,Very effective quiet operation,Excellent air purification with barely audible fan noise. The app allows convenient scheduling and monitoring. Filter replacement is easy. Great for bedrooms. Slightly expensive but worth it.,40,True,2024-02-22,positive
R131,P017,Air Purifier,Home,2,Loud and ineffective,The machine is extremely loud even on the lowest setting. Cannot sleep with it running in the bedroom. The air quality readings seem inaccurate. Filters are outrageously expensive.,29,True,2024-03-28,negative
R132,P017,Air Purifier,Home,5,Life-changing for allergy sufferers,Dust mite allergy has been a constant struggle. Two weeks with this purifier and I am sleeping through the night for the first time in years. The HEPA and carbon filter combination is exceptional.,89,True,2024-04-14,positive
R133,P017,Air Purifier,Home,3,Functional but noisy,Does its job adequately but the fan noise is more than expected. App works but is somewhat clunky. Filter cost is high. Acceptable for the price but not the premium experience I expected.,9,False,2024-01-28,neutral
R134,P017,Air Purifier,Home,1,Fake HEPA filter,Sent the filter to a lab and it does not meet true HEPA specifications despite being marketed as HEPA H13. Complete misrepresentation. Filed a complaint with the FTC.,34,True,2024-02-18,negative
R135,P017,Air Purifier,Home,5,Noticeably cleaner air,The difference in air quality was apparent within days. Pet dander dust and cooking smells are eliminated quickly. The smart features work reliably. Filter life indicator is accurate.,51,True,2024-03-24,positive
R136,P017,Air Purifier,Home,4,Good performance and features,Effective filtration with useful smart home integration. Relatively quiet on medium setting. App is well-designed. Filter replacements are moderately priced. Overall a solid purchase.,19,True,2024-04-28,positive
R137,P018,Robot Vacuum,Home,5,Best purchase I have made in years,This robot vacuum has completely changed my cleaning routine. Navigates around furniture flawlessly. The mapping technology creates accurate floor plans. Never have to think about vacuuming anymore.,84,True,2024-01-10,positive
R138,P018,Robot Vacuum,Home,4,Excellent for maintenance cleaning,Great for keeping floors clean between manual vacuums. Navigation is smart and efficient. Good suction power. App scheduling is reliable. Only limitation is it cannot handle thick carpet well.,48,True,2024-02-14,positive
R139,P018,Robot Vacuum,Home,2,Gets stuck constantly,Constantly gets stuck under furniture and in corners. Needs to be rescued multiple times per cleaning cycle. For a smart navigation product the obstacle avoidance is embarrassing. Customer support was no help.,36,True,2024-03-20,negative
R140,P018,Robot Vacuum,Home,5,Shockingly effective,Bought this with low expectations and am completely blown away. Maps the entire apartment accurately on first run. Handles transitions between hardwood and carpet seamlessly. Battery lasts for 200 square meters.,70,True,2024-04-06,positive
R141,P018,Robot Vacuum,Home,3,Works okay limited features,Functions as a basic vacuum but the smart features are disappointing. App frequently disconnects from the vacuum. Voice control works inconsistently. Decent for the price but the AI claims are overblown.,11,False,2024-01-22,neutral
R142,P018,Robot Vacuum,Home,1,Scratched my hardwood floors,The brush roll scratched my hardwood floors in just one week. Never had this issue with my old Roomba. The brushes are poorly designed for hard floors. Now have to pay for floor refinishing.,42,True,2024-02-26,negative
R143,P018,Robot Vacuum,Home,5,Game changer for busy households,With two dogs and three kids the floors were never clean. This robot runs twice daily and keeps the house presentable. The self-emptying base means I only empty the bin weekly. Worth every penny.,76,True,2024-03-28,positive
R144,P018,Robot Vacuum,Home,4,Smart and effective,Very happy with the navigation intelligence. Creates an accurate map quickly. Suction on hardwood is excellent. Good app with lots of features. Would benefit from better carpet performance.,26,True,2024-04-24,positive
R145,P019,Instant Pot,Home,5,Completely changed how I cook,Have used this every single day since buying it 6 months ago. Pressure cooking reduces cooking time by 70 percent. The yogurt function alone is worth the price. Easy to clean and incredibly versatile.,93,True,2024-01-16,positive
R146,P019,Instant Pot,Home,4,Great versatility minor learning curve,Does so many things well. The pressure cooker and slow cooker functions are excellent. Takes time to learn all the settings but the manual is helpful. A genuine workhorse kitchen appliance.,52,True,2024-02-20,positive
R147,P019,Instant Pot,Home,2,Lid seal broke quickly,The silicone sealing ring cracked after 3 months voiding the pressure seal. Without the seal the pressure function does not work at all. Replacement parts are expensive and hard to find.,31,True,2024-03-26,negative
R148,P019,Instant Pot,Home,5,Best kitchen appliance I own,Replaced my slow cooker pressure cooker rice cooker and steamer all with one device. Meals that used to take 2 hours now take 25 minutes. The saute function adds great flavor to dishes.,79,True,2024-04-12,positive
R149,P019,Instant Pot,Home,3,Good but not revolutionary,A solid multi-cooker that does many things adequately. The pressure cooking is effective. Interface is not the most intuitive. Takes up significant counter space. Decent but not transformative.,8,False,2024-01-28,neutral
R150,P019,Instant Pot,Home,1,Exploded and caused injury,The pressure valve failed during cooking causing boiling liquid to spray from the lid. My partner sustained minor burns. This is a serious safety issue. Filed a complaint with CPSC.,48,True,2024-02-16,negative
R151,P019,Instant Pot,Home,5,Essential kitchen tool,Every home should have one of these. The time savings on everyday meals is incredible. The saute function followed by pressure cook mode creates restaurant quality meals with minimal effort.,65,True,2024-03-22,positive
R152,P019,Instant Pot,Home,4,Efficient and versatile,Really happy with the purchase. Rice comes out perfect every time. Beans from dry in 30 minutes are incredible. The steamer basket is useful. Would recommend to anyone who cooks regularly.,28,True,2024-04-26,positive
R153,P020,Standing Desk,Home,5,Transformed my work-from-home setup,Back pain that plagued me for 3 years is almost gone after switching to this desk. The motor is quiet and the adjustment is smooth. Build quality feels solid and premium. Best health investment.,87,True,2024-01-14,positive
R154,P020,Standing Desk,Home,4,Excellent desk minor assembly challenge,Great desk with smooth reliable height adjustment. Assembly took about 90 minutes with two people. The cable management system is well-designed. Motor is very quiet. Highly functional workspace.,49,True,2024-02-18,positive
R155,P020,Standing Desk,Home,2,Wobbles badly at standing height,At standing height the desk wobbles significantly. Any typing causes vibration that makes it hard to concentrate. For a premium priced desk this instability is unacceptable. Customer service offered no help.,40,True,2024-03-24,negative
R156,P020,Standing Desk,Home,5,Life-changing for back health,Doctor recommended a standing desk after my chronic back pain diagnosis. Six months later my back pain has decreased by 80 percent. The programmable heights are convenient. Build quality is outstanding.,91,True,2024-04-10,positive
R157,P020,Standing Desk,Home,3,Decent but overpriced,Functional standing desk with smooth height adjustment. Assembly instructions are unclear. The warranty is limited. For the price there are better alternatives. Does the job but nothing exceptional.,11,False,2024-01-30,neutral
R158,P020,Standing Desk,Home,1,Arrived with damaged tabletop,The tabletop arrived with a deep scratch across the center and a cracked edge. Packaging was inadequate for shipping large furniture. Getting a replacement took 3 weeks. Very inconvenient.,33,True,2024-02-22,negative
R159,P020,Standing Desk,Home,5,The best desk I have ever owned,As a software developer spending 10 hours a day at a desk this has been transformative. The quality is exceptional. Memory presets make switching between sitting and standing effortless.,74,True,2024-03-20,positive
R160,P020,Standing Desk,Home,4,Very pleased overall,Solid well-built desk with reliable motors. Easy to use controls. Cable management grommets are thoughtful additions. Assembly was straightforward with clear instructions. Happy with this purchase.,25,True,2024-04-25,positive
R161,P021,Yoga Mat,Sports,5,Best mat I have ever used,This mat is the perfect combination of grip cushion and durability. No sliding whatsoever even in hot yoga. The natural rubber construction does not smell. Perfect thickness at 5mm.,68,True,2024-01-11,positive
R162,P021,Yoga Mat,Sports,4,Excellent grip good cushion,Very happy with this mat. The surface texture provides excellent grip in sweaty conditions. Good cushioning for joints. Folds well for storage. Minor gripe is it takes a few sessions to break in.,35,True,2024-02-15,positive
R163,P021,Yoga Mat,Sports,2,Slips on smooth floors,Despite being marketed as non-slip this mat slides constantly on my polished wood floor. Dangerous for balancing poses. The grip on the bottom is inadequate for smooth surfaces.,23,True,2024-03-21,negative
R164,P021,Yoga Mat,Sports,5,Worth every penny,Premium quality mat that has lasted 3 years of daily practice without any wear. The grip gets better with each wash. Natural rubber is eco-friendly and does not off-gas chemicals.,57,True,2024-04-07,positive
R165,P021,Yoga Mat,Sports,3,Average quality for price,Decent mat that does the job. Not noticeably better than mats at half the price. Grip is adequate but not exceptional. Good enough but not worth the premium price for casual practitioners.,7,False,2024-01-24,neutral
R166,P021,Yoga Mat,Sports,1,Horrible smell,Overwhelming chemical rubber smell that persisted for months despite multiple washes and airing out. Had to throw it away without ever using it for practice. Complete waste of money.,26,True,2024-02-20,negative
R167,P021,Yoga Mat,Sports,5,Perfect for hot yoga,Use this for Bikram yoga where sweat is constant. The grip is unmatched even completely soaked. The absorption properties are excellent. Easy to clean. Have recommended to my entire yoga class.,48,True,2024-03-26,positive
R168,P021,Yoga Mat,Sports,4,Solid choice for serious practitioners,Good quality mat with excellent durability. Grip is reliable in most conditions. The extra thickness provides good joint protection. Worth the investment over budget mats.,18,True,2024-04-24,positive
R169,P022,Resistance Bands,Sports,5,Complete home gym in a bag,These bands have replaced my entire gym membership. The range of resistance levels allows progressive overload. Handles are comfortable and the door anchor is secure. Excellent quality and value.,72,True,2024-01-18,positive
R170,P022,Resistance Bands,Sports,4,Great variety of resistances,Good quality set with useful range from light to heavy resistance. Instructions include good exercise suggestions. The carry bag is convenient. Handles could be slightly more padded but overall excellent.,38,True,2024-02-22,positive
R171,P022,Resistance Bands,Sports,2,Snapped after 2 weeks,The medium resistance band snapped during a normal bicep curl after 2 weeks of regular use. The snap nearly hit my face. Clearly defective latex. Could have caused serious injury.,32,True,2024-03-28,negative
R172,P022,Resistance Bands,Sports,5,Best fitness purchase this year,Using these daily for physical therapy exercises prescribed by my physiotherapist. The resistance levels are accurate and consistent. Handles are ergonomic. Have remained in perfect condition after 6 months.,63,True,2024-04-14,positive
R173,P022,Resistance Bands,Sports,3,Adequate but basic,Standard resistance band set. Nothing special but nothing obviously wrong either. Latex quality seems decent. The included exercise guide is basic but functional. Fine for beginners.,8,False,2024-01-28,neutral
R174,P022,Resistance Bands,Sports,1,Wrong resistances labeled,The light band feels heavier than the heavy band. Labels are completely wrong. For rehabilitation purposes accurate resistance labeling is essential. Potentially dangerous for physical therapy use.,21,True,2024-02-16,negative
R175,P022,Resistance Bands,Sports,5,Incredibly versatile,Use these for everything from warm-ups to full strength sessions. The quality of latex is superior. Handles are solid and comfortable. The set covers every resistance need I have.,51,True,2024-03-22,positive
R176,P022,Resistance Bands,Sports,4,Good home workout option,Solid resistance band set for home workouts. Good range of tensions. The door anchor works as described. Would benefit from slightly higher quality handles. Good value overall.,20,True,2024-04-26,positive
R177,P023,Tennis Racket,Sports,5,Incredible power and control,The sweetspot on this racket is enormous. My serve speed increased by 15 mph. The vibration dampening technology really works. Balance feels perfect. Best racket I have ever played with.,76,True,2024-01-16,positive
R178,P023,Tennis Racket,Sports,4,Great racket for intermediate players,Excellent all-around racket with good balance of power and control. The string tension held up well over 6 months. Grip is comfortable for extended play. Highly recommend for club-level players.,42,True,2024-02-20,positive
R179,P023,Tennis Racket,Sports,2,Poor string quality,Strings broke after just 4 sessions. Even accounting for stringing costs this is unacceptable for a premium racket. The frame itself seems decent but the factory stringing is substandard.,28,True,2024-03-26,negative
R180,P023,Tennis Racket,Sports,5,My coach is amazed at improvement,My tennis coach commented on my improvement within one week of switching to this racket. The head size provides extra power without sacrificing control. Build quality is excellent.,58,True,2024-04-10,positive
R181,P023,Tennis Racket,Sports,3,Fine for recreational play,Decent racket for weekend recreational tennis. Nothing exceptional but serves the purpose. The grip could be tackier. Probably would not choose this over Wilson or Head at similar price points.,10,False,2024-01-30,neutral
R182,P023,Tennis Racket,Sports,1,Counterfeit product,This is clearly a counterfeit racket. The logo is misaligned and the weight is different from the genuine version. The seller is fraudulently listing fake products. Reporting to Amazon.,37,True,2024-02-26,negative
R183,P023,Tennis Racket,Sports,5,Tournament-level quality,Used this in three club tournaments and it performs consistently under pressure. The open string pattern generates excellent topspin. Feels confident on every shot. Highly recommend.,55,True,2024-03-24,positive
R184,P023,Tennis Racket,Sports,4,Good for the price,Solid racket with good performance characteristics. The balance point is well-designed. String tension is consistent. A good option for intermediate players who do not want to spend professional prices.,22,True,2024-04-28,positive
R185,P024,Hiking Boots,Sports,5,Conquered mountain trails,These boots handled everything from rocky alpine terrain to muddy forest trails perfectly. Waterproofing is genuine after crossing multiple streams. Ankle support prevented any twists on uneven terrain.,83,True,2024-01-12,positive
R186,P024,Hiking Boots,Sports,4,Excellent boots need breaking in,Outstanding waterproofing and ankle support. Required about 15 miles of breaking in before completely comfortable. Now feel like they were custom made for my feet. Highly recommend for serious hikers.,47,True,2024-02-16,positive
R187,P024,Hiking Boots,Sports,2,Waterproofing failed quickly,The Gore-Tex waterproofing failed after just 4 hikes. Feet were soaked after 30 minutes in wet grass. For premium-priced technical boots this is unacceptable. Quality has declined.,38,True,2024-03-22,negative
R188,P024,Hiking Boots,Sports,5,Best hiking purchase I have made,Used these on a 5-day backpacking trip in the Rockies. Handled 50 miles with a heavy pack without a single hot spot or blister. The Vibram sole grip on wet rock is confidence-inspiring.,77,True,2024-04-08,positive
R189,P024,Hiking Boots,Sports,3,Good boot needs wide version,Comfortable and well-made but too narrow for wider feet. Had to return and get half a size larger which still causes some tightness on long days. Wish they offered a wide width option.,12,False,2024-01-25,neutral
R190,P024,Hiking Boots,Sports,1,Caused blisters on both heels,These boots gave me severe blisters on both heels during the first 3-mile hike despite wearing proper wool socks. The heel counter is extremely rigid and unforgiving. Should have bought Merrell.,30,True,2024-02-22,negative
R191,P024,Hiking Boots,Sports,5,Reliable in all conditions,Have worn these in snow mud rivers and rocky scrambles. Never let me down. The waterproofing has held up through two seasons. Ankle support gives confidence on technical terrain. Excellent investment.,62,True,2024-03-28,positive
R192,P024,Hiking Boots,Sports,4,Very pleased with quality,Solid well-constructed hiking boots. Good waterproofing that has held up through multiple wet hikes. Comfortable after breaking in. The lacing system is intuitive and secure.,26,True,2024-04-24,positive
R193,P025,Cycling Helmet,Sports,5,Best helmet I have owned,This helmet is both the most comfortable and best ventilated I have ever worn. The MIPS protection gives real peace of mind. The magnetic buckle is a genius addition. Worth every penny for safety.,69,True,2024-01-20,positive
R194,P025,Cycling Helmet,Sports,4,Excellent ventilation comfortable fit,Outstanding airflow makes it comfortable even on hot summer rides. The fit system allows precise adjustment. Looks sleek on the road. Meets all safety certifications. Highly recommend.,37,True,2024-02-24,positive
R195,P025,Cycling Helmet,Sports,2,Poor retention system,The fit dial breaks extremely easily. Mine broke within 2 weeks making the helmet loose and unsafe. For a safety product this level of quality is dangerous. Will not buy this brand again.,29,True,2024-03-28,negative
R196,P025,Cycling Helmet,Sports,5,Comfort that encourages wearing,Previously I would often skip the helmet on short rides. This helmet is so comfortable I never want to take it off. The ventilation is exceptional. MIPS technology provides important safety upgrade.,56,True,2024-04-12,positive
R197,P025,Cycling Helmet,Sports,3,Average road helmet,Adequate protection and reasonable ventilation. Nothing distinguishes this from helmets at lower price points. Fit is slightly awkward on my oval-shaped head. Passable but not exceptional.,9,False,2024-01-28,neutral
R198,P025,Cycling Helmet,Sports,1,Safety certification questionable,Investigated the MIPS claim and this helmet does not appear to have genuine MIPS technology installed. The marketing may be misleading. Filed a complaint with consumer safety authorities.,41,True,2024-02-20,negative
R199,P025,Cycling Helmet,Sports,5,Transformative safety upgrade,Switched from a basic helmet after reading about MIPS technology. The fit is incredibly comfortable. Ventilation keeps my head cool even in summer heat. Confidence from proper safety is invaluable.,64,True,2024-03-24,positive
R200,P025,Cycling Helmet,Sports,4,Great helmet solid value,Good quality helmet with excellent ventilation. The lightweight construction makes long rides comfortable. Safety certifications are legitimate. The magnetic clasp is innovative and practical.,24,True,2024-04-28,positive
